FullTitle,CurrentCoords_x,CurrentCoords_y,ArmySize,HomeCoords_x,HomeCoords_y,State,Energy,Despondency,Recklessness,Liege,Foe,KilledBattle128,LostBattle128,ArmySize128,FortressOwner128,CharFlags1_LookDirection,CharFlags1_TimeOfDay,CharFlags2_orders,CharFlags3_InBattle,CharFlags3_InTunnel,CharFlags3_KilledFoe,CharFlags3_Loyalty,CharFlags3_UsedObject,CharFlags3_WonBattle
Luxor the Moonprince,5,91,1000,38,92,Alive,250,250,200,-,Shareth the Heartstealer,0,0,1000,117,N,Dawn,0,False,False,False,Moonprince,False,False
Morkin the Free,29,1,0,49,48,Alive,250,250,200,Shareth the Heartstealer,-,0,0,1000,75,N,Dawn,2,False,False,False,Heartstealer,False,False
Tarithel the Fey,26,77,0,59,78,Alive,250,250,220,Luxor the Moonprince,Shareth the Heartstealer,0,0,1000,109,N,Dawn,12,False,False,False,Moonprince,False,False
Rorthron the Wise,5,91,0,9,32,Alive,250,250,210,Luxor the Moonprince,Shareth the Heartstealer,0,0,1000,54,N,Dawn,4,False,False,False,Moonprince,False,False
Shareth the Heartstealer,56,8,1000,29,1,Alive,250,250,225,-,Luxor the Moonprince,0,0,1000,4,N,Dawn,14,False,False,False,Heartstealer,False,False
Imgarorn the Giant,0,0,1000,0,0,Alive,250,250,150,Varangrim the Giant,Thigrim the Icelord,0,0,1000,5,N,Dawn,13,False,False,False,Giants,False,False
Imgormad the Giant,11,2,1000,11,2,Alive,250,250,120,Thormuk the Giant,Imildrorn the Icelord,0,0,1000,6,N,Dawn,13,False,False,False,Giants,False,False
Malisane the Icelord,48,2,1000,48,2,Alive,250,250,180,Imgaril the Icelord,Carormand the Barbarian,0,0,1000,7,N,Dawn,10,False,False,False,Heartstealer,False,False
Anvireon the Icelord,28,3,1000,28,3,Alive,250,250,160,Shareth the Heartstealer,Lorangrorn the Barbarian,0,0,1000,8,N,Dawn,11,False,False,False,Heartstealer,False,False
Talormane the Icelord,33,3,1000,33,3,Alive,250,250,170,Lorelorn the Icelord,Asorthane the Giant,0,0,1000,9,N,Dawn,10,False,False,False,Heartstealer,False,False
Imildrorn the Icelord,40,3,1000,40,3,Alive,250,250,180,Lorelorn the Icelord,Glormeon the Giant,0,0,1000,10,N,Dawn,10,False,False,False,Heartstealer,False,False
Carorthad the Icelord,61,3,1000,61,3,Alive,250,250,120,Malirarg the Icelord,Thatruk the Dwarf,0,0,1000,11,N,Dawn,10,False,False,False,Heartstealer,False,False
Ushudrarg the Icelord,51,4,1000,51,4,Alive,250,250,150,Imgaril the Icelord,Obigrorn the Giant,0,0,1000,12,N,Dawn,10,False,False,False,Heartstealer,False,False
Glormeon the Giant,6,5,1000,6,5,Alive,250,250,170,Imgarorn the Giant,Sortharg the Icelord,0,0,1000,13,N,Dawn,13,False,False,False,Giants,False,False
Thormuk the Giant,21,5,1000,21,5,Alive,250,250,140,Varangrim the Giant,Imasharg the Icelord,0,0,1000,14,N,Dawn,13,False,False,False,Giants,False,False
Imgaril the Icelord,56,8,1000,56,8,Alive,250,250,200,Shareth the Heartstealer,Imgorthand the Fey,0,0,1000,15,N,Dawn,10,False,False,False,Heartstealer,False,False
Obularg the Giant,12,9,1000,12,9,Alive,250,250,160,Thormuk the Giant,Torelorn the Dwarf,0,0,1000,16,N,Dawn,13,False,False,False,Giants,False,False
Thigrim the Icelord,28,9,1000,28,9,Alive,250,250,130,Lorelorn the Icelord,Berorthim the Giant,0,0,1000,17,N,Dawn,11,False,False,False,Heartstealer,False,False
Lorelorn the Icelord,35,9,1000,35,9,Alive,250,250,190,Shareth the Heartstealer,Carangrane the Giant,0,0,1000,18,N,Dawn,10,False,False,False,Heartstealer,False,False
Kahangrorn the Icelord,47,9,1000,47,9,Alive,250,250,170,Zarashand the Icelord,Torormarg the Dwarf,0,0,1000,19,N,Dawn,10,False,False,False,Heartstealer,False,False
Malirarg the Icelord,62,10,1000,62,10,Alive,250,250,100,Imgaril the Icelord,Imgormiel the Fey,0,0,1000,20,N,Dawn,10,False,False,False,Heartstealer,False,False
Imatrorn the Giant,18,12,1000,18,12,Alive,250,250,180,Varangrim the Giant,Sortharg the Icelord,0,0,1000,21,N,Dawn,13,False,False,False,Giants,False,False
Asorthane the Giant,4,13,1000,4,13,Alive,250,250,150,Imgarorn the Giant,Kahudrun the Icelord,0,0,1000,22,N,Dawn,13,False,False,False,Giants,False,False
Imasharg the Icelord,37,13,1000,37,13,Alive,250,250,180,Zarashand the Icelord,Sildrorn the Giant,0,0,1000,23,N,Dawn,10,False,False,False,Heartstealer,False,False
Torangrorn the Icelord,60,13,1000,60,13,Alive,250,250,140,Malirarg the Icelord,Hagildrorn the Dwarf,0,0,1000,24,N,Dawn,10,False,False,False,Heartstealer,False,False
Sortharg the Icelord,26,14,1000,26,14,Alive,250,250,120,Malorthand the Icelord,Imgormad the Giant,0,0,1000,25,N,Dawn,10,False,False,False,Heartstealer,False,False
Zarashand the Icelord,44,14,1000,44,14,Alive,250,250,200,Shareth the Heartstealer,Anvildrak the Giant,0,0,1000,26,N,Dawn,10,False,False,False,Heartstealer,False,False
Glororn the Icelord,53,14,1000,53,14,Alive,250,250,150,Talorthane the Icelord,Morildrane the Fey,0,0,1000,27,N,Dawn,10,False,False,False,Heartstealer,False,False
Malorthand the Icelord,33,15,1000,33,15,Alive,250,250,110,Lorelorn the Icelord,Rorthron the Wise,0,0,1000,28,N,Dawn,11,False,False,False,Heartstealer,False,False
Varangrim the Giant,17,17,1000,17,17,Alive,250,250,200,Carangrane the Giant,Lorelorn the Icelord,0,0,1000,29,N,Dawn,13,False,False,False,Giants,False,False
Sigrorn the Icelord,28,17,1000,28,17,Alive,250,250,150,Malorthand the Icelord,Ulformane the Giant,0,0,1000,30,N,Dawn,10,False,False,False,Heartstealer,False,False
Hagudrak the Icelord,37,18,1000,37,18,Alive,250,250,170,Berudrarg the Icelord,Thorthand the Fey,0,0,1000,31,N,Dawn,10,False,False,False,Heartstealer,False,False
Berudrarg the Icelord,44,19,1000,44,19,Alive,250,250,180,Glireon the Icelord,Luxor the Moonprince,0,0,1000,32,N,Dawn,10,False,False,False,Heartstealer,False,False
Imgudrorn the Icelord,59,19,1000,59,19,Alive,250,250,180,Talorthane the Icelord,Berormorn the Fey,0,0,1000,33,N,Dawn,10,False,False,False,Heartstealer,False,False
Talorthane the Icelord,53,20,1000,53,20,Alive,250,250,200,Fangrorn the Icelord,Imgormand the Fey,0,0,1000,34,N,Dawn,10,False,False,False,Heartstealer,False,False
Morangrim the Icelord,30,21,1000,30,21,Alive,250,250,160,Malorthand the Icelord,Ganigrorn the Giant,0,0,1000,35,N,Dawn,10,False,False,False,Heartstealer,False,False
Obortharg the Giant,11,22,1000,11,22,Alive,250,250,180,Obigrorn the Giant,Sigrorn the Icelord,0,0,1000,36,N,Dawn,13,False,False,False,Giants,False,False
Glortheon the Giant,26,22,1000,26,22,Alive,250,250,200,Varangrim the Giant,Malorthand the Icelord,0,0,1000,37,N,Dawn,13,False,False,False,Giants,False,False
Ulfangruk the Icelord,37,22,1000,37,22,Alive,250,250,190,Berudrarg the Icelord,Carorthorn the Fey,0,0,1000,38,N,Dawn,11,False,False,False,Heartstealer,False,False
Malarorn the Icelord,42,22,1000,42,22,Alive,250,250,170,Berudrarg the Icelord,Berormane the Fey,0,0,1000,39,N,Dawn,10,False,False,False,Heartstealer,False,False
Ganormarg the Icelord,61,23,1000,61,23,Alive,250,250,180,Talorthane the Icelord,Carorthand the Fey,0,0,1000,40,N,Dawn,10,False,False,False,Heartstealer,False,False
Berorthim the Giant,6,25,1000,6,25,Alive,250,250,150,Obigrorn the Giant,Thangrarg the Icelord,0,0,1000,41,N,Dawn,13,False,False,False,Giants,False,False
Firim the Icelord,55,25,1000,55,25,Alive,250,250,160,Ganormarg the Icelord,Tororthane the Fey,0,0,1000,42,N,Dawn,10,False,False,False,Heartstealer,False,False
Glireon the Icelord,47,26,1000,47,26,Alive,250,250,190,Fangrorn the Icelord,Lorangrim the Fey,0,0,1000,43,N,Dawn,10,False,False,False,Heartstealer,False,False
Kahangriel the Icelord,31,27,1000,31,27,Alive,250,250,170,Imgasharg the Icelord,Thigrand the Fey,0,0,1000,44,N,Dawn,10,False,False,False,Heartstealer,False,False
Kahudruk the Icelord,59,27,1000,59,27,Alive,250,250,150,Ganormarg the Icelord,Tharand the Fey,0,0,1000,45,N,Dawn,10,False,False,False,Heartstealer,False,False
Lororthane the Icelord,38,28,1000,38,28,Alive,250,250,180,Thangrarg the Icelord,Obireon the Fey,0,0,1000,46,N,Dawn,10,False,False,False,Heartstealer,False,False
Malirane the Icelord,46,28,1000,46,28,Alive,250,250,190,Glormarg the Icelord,Lorangrarg the Dwarf,0,0,1000,47,N,Dawn,10,False,False,False,Heartstealer,False,False
Kahudrun the Icelord,28,29,1000,28,29,Alive,250,250,200,Imgasharg the Icelord,Carorthane the Fey,0,0,1000,48,N,Dawn,10,False,False,False,Heartstealer,False,False
Ulformane the Giant,24,30,1000,24,30,Alive,250,250,190,Imgenarg the Giant,Thortheon the Barbarian,0,0,1000,49,N,Dawn,13,False,False,False,Giants,False,False
Hagildrorn the Dwarf,31,30,1000,31,30,Alive,250,250,180,Imgorarg the Dwarf,Berorthim the Giant,0,0,1000,50,N,Dawn,15,False,False,False,Dwarfs,False,False
Thildresh the Icelord,42,30,1000,42,30,Alive,250,250,150,Glormarg the Icelord,Ulfangrak the Dwarf,0,0,1000,51,N,Dawn,10,False,False,False,Heartstealer,False,False
Glormarg the Icelord,46,31,1000,46,31,Alive,250,250,200,Shareth the Heartstealer,Glormane the Dwarf,0,0,1000,52,N,Dawn,10,False,False,False,Heartstealer,False,False
Carorand the Icelord,56,31,1000,56,31,Alive,250,250,140,Carangresh the Icelord,Glortharg the Barbarian,0,0,1000,53,N,Dawn,10,False,False,False,Heartstealer,False,False
Carangrane the Giant,6,32,1000,6,32,Alive,250,250,200,-,Glireon the Icelord,0,0,1000,54,N,Dawn,13,False,False,False,Giants,False,False
Thangrorn the Giant,2,33,1000,2,33,Alive,250,250,160,Carangrane the Giant,Hagudril the Dwarf,0,0,1000,55,N,Dawn,13,False,False,False,Giants,False,False
Malormun the Icelord,45,33,1000,45,33,Alive,250,250,170,Glormarg the Icelord,Imelorn the Dwarf,0,0,1000,56,N,Dawn,10,False,False,False,Heartstealer,False,False
Varormane the Icelord,60,33,1000,60,33,Alive,250,250,180,Carangresh the Icelord,Kahudrarg the Barbarian,0,0,1000,57,N,Dawn,10,False,False,False,Heartstealer,False,False
Imgenarg the Giant,13,34,1000,13,34,Alive,250,250,180,Carangrane the Giant,Glormane the Dwarf,0,0,1000,58,N,Dawn,13,False,False,False,Giants,False,False
Thorarg the Giant,21,34,1000,21,34,Alive,250,250,150,Ulformane the Giant,Imgorarg the Dwarf,0,0,1000,59,N,Dawn,13,False,False,False,Giants,False,False
Thirium the Icelord,54,35,1000,54,35,Alive,250,250,180,Glormarg the Icelord,Carorthay the Dwarf,0,0,1000,60,N,Dawn,10,False,False,False,Heartstealer,False,False
Fenarg the Icelord,49,37,1000,49,37,Alive,250,250,130,Thirium the Icelord,Gludreon the Dwarf,0,0,1000,61,N,Dawn,11,False,False,False,Heartstealer,False,False
Imgorarg the Dwarf,34,38,1000,34,38,Alive,250,250,200,-,Luxor the Moonprince,0,0,1000,62,N,Dawn,15,False,False,False,Dwarfs,False,False
Torelak the Giant,17,39,1000,17,39,Alive,250,250,180,Imgenarg the Giant,Thelak the Dwarf,0,0,1000,63,N,Dawn,13,False,False,False,Giants,False,False
Torormarg the Dwarf,31,39,1000,31,39,Alive,250,250,150,Imgorarg the Dwarf,Obortharg the Giant,0,0,1000,64,N,Dawn,15,False,False,False,Dwarfs,False,False
Ushangrane the Icelord,55,39,1000,55,39,Alive,250,250,170,Thirium the Icelord,Imgorarg the Dwarf,0,0,1000,65,N,Dawn,10,False,False,False,Heartstealer,False,False
Fangrorn the Icelord,51,40,1000,51,40,Alive,250,250,200,Shareth the Heartstealer,Imorthorn the Fey,0,0,1000,66,N,Dawn,10,False,False,False,Heartstealer,False,False
Carangresh the Icelord,62,40,1000,62,40,Alive,250,250,180,Thirium the Icelord,Imgorad the Barbarian,0,0,1000,67,N,Dawn,10,False,False,False,Heartstealer,False,False
Anvildrak the Giant,7,41,1000,7,41,Alive,250,250,190,Carangrane the Giant,Luxor the Moonprince,0,0,1000,68,N,Dawn,13,False,False,False,Giants,False,False
Anvarorn the Icelord,48,41,1000,48,41,Alive,250,250,170,Fangrorn the Icelord,Thelak the Dwarf,0,0,1000,69,N,Dawn,10,False,False,False,Heartstealer,False,False
Hagudril the Dwarf,44,43,1000,44,43,Alive,250,250,160,Carorthay the Dwarf,Ganormarg the Icelord,0,0,1000,70,N,Dawn,15,False,False,False,Dwarfs,False,False
Ganigrorn the Giant,19,44,1000,19,44,Alive,250,250,160,Imgenarg the Giant,Anvorthun the Barbarian,0,0,1000,71,N,Dawn,13,False,False,False,Giants,False,False
Berangrorn the Dwarf,23,44,1000,23,44,Alive,250,250,180,Glormane the Dwarf,Carangresh the Icelord,0,0,1000,72,N,Dawn,15,False,False,False,Dwarfs,False,False
Fenorn the Giant,8,45,1000,8,45,Alive,250,250,190,Anvildrak the Giant,Carorthand the Fey,0,0,1000,73,N,Dawn,13,False,False,False,Giants,False,False
Sildrorn the Giant,1,46,1000,1,46,Alive,250,250,180,Anvildrak the Giant,Imgorad the Barbarian,0,0,1000,74,N,Dawn,13,False,False,False,Giants,False,False
Carorthay the Dwarf,52,46,1000,52,46,Alive,250,250,180,Lorangrarg the Dwarf,Glormarg the Icelord,0,0,1000,75,N,Dawn,15,False,False,False,Dwarfs,False,False
Glortharg the Barbarian,2,49,1000,2,49,Alive,250,250,150,Carormand the Barbarian,Torormarg the Dwarf,0,0,1000,76,N,Dawn,8,False,False,False,Barbarians,False,False
Thortheon the Barbarian,17,49,1000,17,49,Alive,250,250,160,Carormand the Barbarian,Thormuk the Giant,0,0,1000,77,N,Dawn,8,False,False,False,Barbarians,False,False
Glormane the Dwarf,30,49,1000,30,49,Alive,250,250,200,-,Talorthane the Icelord,0,0,1000,78,N,Dawn,15,False,False,False,Dwarfs,False,False
Gloruk the Dwarf,21,50,1000,21,50,Alive,250,250,150,Glormane the Dwarf,Thorthak the Barbarian,0,0,1000,79,N,Dawn,15,False,False,False,Dwarfs,False,False
Gludreon the Dwarf,63,50,1000,63,50,Alive,250,250,140,Carorthay the Dwarf,Carorthorn the Fey,0,0,1000,80,N,Dawn,15,False,False,False,Dwarfs,False,False
Thudrun the Dwarf,47,52,1000,47,52,Alive,250,250,180,Lorangrarg the Dwarf,Imgarorn the Giant,0,0,1000,81,N,Dawn,15,False,False,False,Dwarfs,False,False
Torelorn the Dwarf,32,55,1000,32,55,Alive,250,250,140,Glormane the Dwarf,Thangrorn the Giant,0,0,1000,82,N,Dawn,15,False,False,False,Dwarfs,False,False
Thatruk the Dwarf,35,55,1000,35,55,Alive,250,250,160,Torelorn the Dwarf,Torinarg the Barbarian,0,0,1000,83,N,Dawn,15,False,False,False,Dwarfs,False,False
Carormand the Barbarian,8,56,1000,8,56,Alive,250,250,200,-,Lorangrarg the Dwarf,0,0,1000,84,N,Dawn,8,False,False,False,Barbarians,False,False
Lorangrarg the Dwarf,47,56,1000,47,56,Alive,250,250,170,Glormane the Dwarf,Carorthane the Fey,0,0,1000,85,N,Dawn,15,False,False,False,Dwarfs,False,False
Thelak the Dwarf,23,58,1000,23,58,Alive,250,250,150,Torelorn the Dwarf,Glormeon the Giant,0,0,1000,86,N,Dawn,15,False,False,False,Dwarfs,False,False
Imangruk the Dwarf,49,60,1000,49,60,Alive,250,250,150,Lorangrarg the Dwarf,Morildrane the Fey,0,0,1000,87,N,Dawn,15,False,False,False,Dwarfs,False,False
Gligril the Dwarf,60,60,1000,60,60,Alive,250,250,130,Ulfangrak the Dwarf,Kahudrarg the Barbarian,0,0,1000,88,N,Dawn,15,False,False,False,Dwarfs,False,False
Thangrad the Barbarian,11,61,1000,11,61,Alive,250,250,170,Lorangrorn the Barbarian,Thudrun the Dwarf,0,0,1000,89,N,Dawn,8,False,False,False,Barbarians,False,False
Imulorn the Dwarf,32,62,1000,32,62,Alive,250,250,180,Thigrak the Dwarf,Varangrand the Barbarian,0,0,1000,90,N,Dawn,15,False,False,False,Dwarfs,False,False
Thigrak the Dwarf,44,62,1000,44,62,Alive,250,250,190,Glormane the Dwarf,Anvildrak the Giant,0,0,1000,91,N,Dawn,15,False,False,False,Dwarfs,False,False
Lorangrorn the Barbarian,6,64,1000,6,64,Alive,250,250,180,Carormand the Barbarian,Imgorthand the Fey,0,0,1000,92,N,Dawn,8,False,False,False,Barbarians,False,False
Varatrarg the Barbarian,26,66,1000,26,66,Alive,250,250,150,Lorangrorn the Barbarian,Ushangrane the Icelord,0,0,1000,93,N,Dawn,8,False,False,False,Barbarians,False,False
Imelorn the Dwarf,53,66,1000,53,66,Alive,250,250,140,Thigrak the Dwarf,Anvortheon the Barbarian,0,0,1000,94,N,Dawn,15,False,False,False,Dwarfs,False,False
Ulfangrak the Dwarf,61,66,1000,61,66,Alive,250,250,130,Thigrak the Dwarf,Obigrorn the Giant,0,0,1000,95,N,Dawn,15,False,False,False,Dwarfs,False,False
Thorthak the Barbarian,1,67,1000,1,67,Alive,250,250,170,Imgorad the Barbarian,Glortheon the Giant,0,0,1000,96,N,Dawn,9,False,False,False,Barbarians,False,False
Thormand the Fey,29,67,1000,29,67,Alive,250,250,180,Imorthorn the Fey,Kahangrorn the Icelord,0,0,1000,97,N,Dawn,6,False,False,False,Fey,False,False
Anvorthun the Barbarian,7,70,1000,7,70,Alive,250,250,140,Imgorad the Barbarian,Berangrorn the Dwarf,0,0,1000,98,N,Dawn,8,False,False,False,Barbarians,False,False
Imgormand the Fey,42,71,1000,42,71,Alive,250,250,150,Morildrane the Fey,Imgorarg the Dwarf,0,0,1000,99,N,Dawn,6,False,False,False,Fey,False,False
Carorthorn the Fey,59,71,1000,59,71,Alive,250,250,180,Lorangriel the Fey,Varormane the Icelord,0,0,1000,100,N,Dawn,6,False,False,False,Fey,False,False
Imgorad the Barbarian,2,74,1000,2,74,Alive,250,250,200,-,Carangrane the Giant,0,0,1000,101,N,Dawn,8,False,False,False,Barbarians,False,False
Tororthane the Fey,35,74,1000,35,74,Alive,250,250,150,Imorthorn the Fey,Malormun the Icelord,0,0,1000,102,N,Dawn,7,False,False,False,Fey,False,False
Imorthorn the Fey,31,75,1000,31,75,Alive,250,250,200,-,Shareth the Heartstealer,0,0,1000,103,N,Dawn,6,False,False,False,Fey,False,False
Berormorn the Fey,17,77,1000,17,77,Alive,250,250,160,Carorthane the Fey,Kahangriel the Icelord,0,0,1000,104,N,Dawn,6,False,False,False,Fey,False,False
Firak the Barbarian,7,79,1000,7,79,Alive,250,250,140,Imgorad the Barbarian,Thigrak the Dwarf,0,0,1000,105,N,Dawn,8,False,False,False,Barbarians,False,False
Morildrane the Fey,45,79,1000,45,79,Alive,250,250,200,Lorangriel the Fey,Tarithel the Fey,0,0,1000,106,N,Dawn,6,False,False,False,Fey,False,False
Thigrand the Fey,28,80,1000,28,80,Alive,250,250,150,Carorthane the Fey,Malirane the Icelord,0,0,1000,107,N,Dawn,7,False,False,False,Fey,False,False
Kahudrarg the Barbarian,11,81,1000,11,81,Alive,250,250,180,Imgorad the Barbarian,Luxor the Moonprince,0,0,1000,108,N,Dawn,8,False,False,False,Barbarians,False,False
Lorangriel the Fey,54,81,1000,54,81,Alive,250,250,190,Imgorthand the Fey,Malisane the Icelord,0,0,1000,109,N,Dawn,6,False,False,False,Fey,False,False
Carorthane the Fey,20,82,1000,20,82,Alive,250,250,170,Imorthorn the Fey,Glormarg the Icelord,0,0,1000,110,N,Dawn,6,False,False,False,Fey,False,False
Thorthand the Fey,49,84,1000,49,84,Alive,250,250,130,Lorangriel the Fey,Imgorarg the Dwarf,0,0,1000,111,N,Dawn,7,False,False,False,Fey,False,False
Berormane the Fey,42,87,1000,42,87,Alive,250,250,160,Lorangrim the Fey,Zarashand the Icelord,0,0,1000,112,N,Dawn,6,False,False,False,Fey,False,False
Imgormiel the Fey,57,87,1000,57,87,Alive,250,250,110,Imgorthand the Fey,Kahudrak the Barbarian,0,0,1000,113,N,Dawn,7,False,False,False,Fey,False,False
Careneon the Barbarian,10,88,1000,10,88,Alive,250,250,140,Kahudrarg the Barbarian,Thorarg the Giant,0,0,1000,114,N,Dawn,9,False,False,False,Barbarians,False,False
Varangrand the Barbarian,17,88,1000,17,88,Alive,250,250,160,Kahudrarg the Barbarian,Thigrak the Dwarf,0,0,1000,115,N,Dawn,8,False,False,False,Barbarians,False,False
Imgorthand the Fey,62,88,1000,62,88,Alive,250,250,190,Imorthorn the Fey,Glireon the Icelord,0,0,1000,116,N,Dawn,6,False,False,False,Fey,False,False
Lorangrim the Fey,46,90,1000,46,90,Alive,250,250,150,Imgorthand the Fey,Imgaril the Icelord,0,0,1000,117,N,Dawn,6,False,False,False,Fey,False,False
Tharand the Fey,27,93,1000,27,93,Alive,250,250,130,Carorthane the Fey,Anvarorn the Icelord,0,0,1000,118,N,Dawn,7,False,False,False,Fey,False,False
Torinarg the Barbarian,2,94,1000,2,94,Alive,250,250,180,Careneon the Barbarian,Ulformane the Giant,0,0,1000,119,N,Dawn,8,False,False,False,Barbarians,False,False
Imorthesh the Fey,48,94,1000,48,94,Alive,250,250,150,Lorangrim the Fey,Lorelorn the Icelord,0,0,1000,120,N,Dawn,6,False,False,False,Fey,False,False
Anvortheon the Barbarian,14,95,1000,14,95,Alive,250,250,160,Careneon the Barbarian,Hagudril the Dwarf,0,0,1000,121,N,Dawn,8,False,False,False,Barbarians,False,False
Obireon the Fey,63,95,1000,63,95,Alive,250,250,170,Imgorthand the Fey,Carorthad the Icelord,0,0,1000,122,N,Dawn,6,False,False,False,Fey,False,False
Obigrorn the Giant,13,25,1000,13,25,Alive,250,250,190,Varangrim the Giant,Thatruk the Dwarf,0,0,1000,123,N,Dawn,13,False,False,False,Giants,False,False
Imgasharg the Icelord,35,25,1000,35,25,Alive,250,250,170,Berudrarg the Icelord,Thormand the Fey,0,0,1000,124,N,Dawn,11,False,False,False,Heartstealer,False,False
Thangrarg the Icelord,43,25,1000,43,25,Alive,250,250,180,Glireon the Icelord,Imorthesh the Fey,0,0,1000,125,N,Dawn,11,False,False,False,Heartstealer,False,False
Kahudrak the Barbarian,19,72,1000,19,72,Alive,250,250,180,Lorangrorn the Barbarian,Berormane the Fey,0,0,1000,126,N,Dawn,8,False,False,False,Barbarians,False,False
Carorthand the Fey,28,73,1000,28,73,Alive,250,250,190,Imorthorn the Fey,Talormane the Icelord,0,0,1000,127,N,Dawn,6,False,False,False,Fey,False,False
